the,1
of,2
and,3
to,4
in,5
a,6
is,7
that,8
for,9
as,10
by,11
be,12
it,13
with,14
on,15
was,16
or,17
not,18
this,19
are,20
i,21
from,22
at,23
he,24
which,25
an,26
have,27
his,28
but,29
you,30
we,31
all,32
were,33
they,34
one,35
had,36
has,37
will,38
their,39
been,40
other,41
if,42
can,43
may,44
there,45
would,46
no,47
more,48
new,49
such,50
its,51
when,52
any,53
these,54
who,55
so,56
her,57
time,58
than,59
do,60
she,61
some,62
what,63
about,64
state,65
only,66
two,67
into,68
also,69
out,70
them,71
our,72
said,73
under,74
first,75
my,76
him,77
up,78
see,79
made,80
should,81
after,82
shall,83
your,84
most,85
could,86
then,87
over,88
each,89
year,90
work,91
states,92
where,93
use,94
years,95
me,96
between,97
those,98
same,99
now,100
many,101
through,102
upon,103
s,104
must,105
well,106
very,107
general,108
did,109
before,110
used,111
because,112
being,113
part,114
like,115
united,116
people,117
during,118
public,119
section,120
how,121
number,122
act,123
even,124
make,125
court,126
case,127
system,128
much,129
three,130
both,131
per,132
water,133
law,134
life,135
day,136
company,137
service,138
good,139
way,140
without,141
order,142
great,143
american,144
p,145
while,146
man,147
however,148
york,149
long,150
high,151
b,152
c,153
us,154
national,155
right,156
does,157
city,158
government,159
information,160
just,161
within,162
school,163
against,164
found,165
power,166
here,167
world,168
own,169
another,170
data,171
committee,172
business,173
given,174
know,175
program,176
little,177
since,178
present,179
every,180
house,181
men,182
report,183
university,184
following,185
less,186
back,187
place,188
total,189
large,190
take,191
department,192
down,193
small,194
county,195
second,196
development,197
control,198
might,199
research,200
office,201
last,202
point,203
form,204
board,205
old,206
still,207
d,208
children,209
president,210
interest,211
get,212
federal,213
different,214
set,215
end,216
study,217
area,218
action,219
too,220
value,221
fact,222
line,223
think,224
education,225
health,226
until,227
percent,228
group,229
amount,230
war,231
services,232
go,233
period,234
important,235
never,236
few,237
means,238
come,239
several,240
four,241
cases,242
having,243
say,244
thus,245
among,246
social,247
above,248
table,249
country,250
whether,251
need,252
john,253
property,254
home,255
off,256
certain,257
cost,258
question,259
effect,260
rate,261
called,262
days,263
land,264
required,265
members,266
give,267
person,268
subject,269
special,270
am,271
necessary,272
course,273
process,274
air,275
available,276
possible,277
e,278
local,279
again,280
bill,281
commission,282
hand,283
change,284
provided,285
family,286
taken,287
held,288
name,289
based,290
left,291
further,292
best,293
five,294
including,295
far,296
history,297
others,298
example,299
find,300
often,301
support,302
conditions,303
women,304
type,305
evidence,306
although,307
god,308
figure,309
district,310
results,311
tax,312
provide,313
either,314
full,315
yet,316
though,317
free,318
times,319
field,320
side,321
level,322
white,323
common,324
human,325
due,326
therefore,327
production,328
making,329
known,330
south,331
light,332
using,333
early,334
association,335
care,336
de,337
increase,338
book,339
washington,340
june,341
result,342
matter,343
least,344
came,345
north,346
better,347
chapter,348
always,349
secretary,350
whole,351
next,352
rather,353
class,354
later,355
policy,356
labor,357
low,358
m,359
international,360
management,361
money,362
foreign,363
thought,364
body,365
put,366
individual,367
various,368
age,369
going,370
done,371
let,372
head,373
become,374
society,375
l,376
feet,377
plan,378
ii,379
once,380
economic,381
t,382
analysis,383
want,384
systems,385
received,386
problem,387
things,388
himself,389
show,390
material,391
why,392
date,393
around,394
shown,395
position,396
income,397
half,398
purpose,399
third,400
party,401
problems,402
young,403
child,404
nature,405
current,406
building,407
political,408
energy,409
term,410
price,411
west,412
union,413
bank,414
method,415
application,416
real,417
away,418
force,419
street,420
n,421
trade,422
areas,423
college,424
river,425
july,426
test,427
pay,428
center,429
construction,430
industry,431
et,432
major,433
along,434
contract,435
death,436
help,437
congress,438
average,439
paper,440
open,441
community,442
products,443
words,444
market,445
cent,446
almost,447
treatment,448
paid,449
read,450
cause,451
studies,452
terms,453
al,454
church,455
together,456
rights,457
students,458
something,459
account,460
room,461
programs,462
view,463
note,464
title,465
basis,466
member,467
changes,468
surface,469
record,470
f,471
considered,472
rule,473
march,474
TRUE,475
short,476
authority,477
corporation,478
similar,479
took,480
nothing,481
include,482
america,483
except,484
seen,485
equipment,486
ever,487
went,488
press,489
single,490
experience,491
oil,492
statement,493
review,494
black,495
administration,496
persons,497
look,498
medical,499
food,500
private,501
particular,502
lower,503
continued,504
future,505
near,506
project,507
whose,508
x,509
higher,510
stock,511
six,512
past,513
itself,514
increased,515
reason,516
insurance,517
already,518
million,519
issue,520
greater,521
natural,522
enough,523
operation,524
plant,525
months,526
specific,527
able,528
annual,529
design,530
costs,531
according,532
gas,533
defendant,534
addition,535
practice,536
central,537
standard,538
organization,539
page,540
self,541
personal,542
training,543
face,544
division,545
additional,546
model,547
hours,548
r,549
asked,550
meeting,551
series,552
california,553
effects,554
kind,555
mind,556
rates,557
laws,558
ground,559
science,560
activities,561
size,562
working,563
believe,564
father,565
william,566
generally,567
nor,568
complete,569
growth,570
knowledge,571
love,572
employees,573
usually,574
described,575
art,576
materials,577
reported,578
themselves,579
related,580
call,581
april,582
population,583
established,584
toward,585
below,586
english,587
brought,588
quality,589
range,590
parts,591
capital,592
?§,593
space,594
effective,595
groups,596
proposed,597
especially,598
methods,599
military,600
schools,601
chairman,602
language,603
east,604
agency,605
agreement,606
requirements,607
condition,608
word,609
return,610
told,611
january,612
security,613
obtained,614
became,615
thing,616
pressure,617
perhaps,618
keep,619
night,620
decision,621
director,622
fire,623
rules,624
code,625
lines,626
loss,627
non,628
direct,629
o,630
miles,631
respect,632
follows,633
probably,634
letter,635
written,636
clear,637
mean,638
source,639
library,640
purposes,641
structure,642
got,643
notice,644
mother,645
provisions,646
council,647
close,648
temperature,649
whom,650
hundred,651
works,652
says,653
performance,654
judgment,655
december,656
funds,657
resources,658
function,659
books,660
sense,661
included,662
reports,663
quite,664
financial,665
distribution,666
ed,667
james,668
unit,669
eyes,670
needs,671
chicago,672
yes,673
activity,674
road,675
chief,676
heart,677
final,678
today,679
seems,680
countries,681
opinion,682
volume,683
presented,684
original,685
points,686
senate,687
developed,688
attention,689
century,690
published,691
physical,692
theory,693
employment,694
army,695
tell,696
sales,697
motion,698
main,699
soon,700
town,701
workers,702
questions,703
article,704
j,705
added,706
operations,707
values,708
blood,709
twenty,710
began,711
supply,712
limited,713
october,714
prior,715
determined,716
living,717
woman,718
v,719
civil,720
journal,721
trial,722
september,723
answer,724
h,725
shows,726
gave,727
product,728
manner,729
disease,730
industrial,731
normal,732
red,733
charge,734
g,735
king,736
week,737
ten,738
fund,739
list,740
character,741
saw,742
officers,743
really,744
forms,745
legal,746
fig,747
sometimes,748
length,749
makes,750
needed,751
patients,752
staff,753
situation,754
senator,755
strong,756
job,757
month,758
applied,759
george,760
sale,761
placed,762
england,763
plaintiff,764
meet,765
involved,766
passed,767
unless,768
degree,769
companies,770
london,771
august,772
species,773
proper,774
late,775
claim,776
trust,777
issues,778
hands,779
outside,780
taking,781
base,782
top,783
san,784
payment,785
produced,786
solution,787
story,788
western,789
beginning,790
credit,791
across,792
french,793
response,794
hard,795
region,796
provides,797
co,798
recent,799
reference,800
officer,801
filed,802
equal,803
parties,804
patient,805
knew,806
sent,807
records,808
claims,809
feel,810
significant,811
reading,812
entire,813
determine,814
run,815
extent,816
sec,817
appropriate,818
approach,819
protection,820
turn,821
factors,822
duty,823
felt,824
role,825
technology,826
son,827
carried,828
doing,829
sir,830
address,831
cut,832
appear,833
safety,834
commercial,835
vol,836
wife,837
influence,838
weight,839
bureau,840
associated,841
hospital,842
relations,843
sure,844
anything,845
operating,846
longer,847
types,848
defense,849
particularly,850
basic,851
front,852
transportation,853
facilities,854
flow,855
movement,856
former,857
box,858
modern,859
looked,860
judge,861
standards,862
nearly,863
iii,864
conference,865
stated,866
leave,867
station,868
november,869
finally,870
consideration,871
cells,872
difficult,873
planning,874
cross,875
idea,876
levels,877
potential,878
require,879
heard,880
technical,881
issued,882
direction,883
expected,884
justice,885
beyond,886
february,887
simple,888
fine,889
sea,890
lead,891
likely,892
estate,893
post,894
plants,895
live,896
robert,897
notes,898
charles,899
middle,900
author,901
instead,902
steel,903
alone,904
hold,905
british,906
lost,907
facts,908
car,909
latter,910
throughout,911
benefits,912
engineering,913
consider,914
electric,915
heat,916
poor,917
site,918
re,919
student,920
principal,921
survey,922
assistance,923
difference,924
dollars,925
lord,926
capacity,927
discussion,928
request,929
farm,930
wide,931
primary,932
prices,933
thomas,934
sufficient,935
brown,936
fall,937
otherwise,938
railroad,939
portion,940
referred,941
writing,942
directly,943
appears,944
turned,945
hour,946
includes,947
followed,948
bring,949
actual,950
regulations,951
amendment,952
executive,953
exchange,954
music,955
born,956
understand,957
soil,958
aid,959
demand,960
big,961
units,962
acid,963
goods,964
earth,965
iron,966
entitled,967
existing,968
institute,969
relationship,970
nation,971
coal,972
color,973
ask,974
sound,975
failure,976
plans,977
la,978
continue,979
risk,980
moment,981
net,982
hearing,983
ohio,984
hope,985
receive,986
prepared,987
southern,988
behavior,989
larger,990
ways,991
connection,992
play,993
individuals,994
computer,995
smith,996
contact,997
indeed,998
transfer,999
lake,1000
importance,1001
forces,1002
door,1003
cell,1004
opportunity,1005
rest,1006
morning,1007
active,1008
produce,1009
commerce,1010
joint,1011
island,1012
benefit,1013
behind,1014
investment,1015
eight,1016
seemed,1017
w,1018
agencies,1019
seven,1020
ago,1021
seem,1022
simply,1023
approved,1024
news,1025
text,1026
observed,1027
amended,1028
immediately,1029
machine,1030
procedure,1031
teachers,1032
actually,1033
chemical,1034
peace,1035
green,1036
resolution,1037
relative,1038
previous,1039
wanted,1040
minutes,1041
status,1042
kept,1043
educational,1044
separate,1045
sections,1046
allowed,1047
learning,1048
friends,1049
stage,1050
interests,1051
environmental,1052
numbers,1053
apply,1054
maximum,1055
expenses,1056
employed,1057
upper,1058
mass,1059
sources,1060
defined,1061
fiscal,1062
employee,1063
thereof,1064
share,1065
independent,1066
thousand,1067
authorized,1068
looking,1069
balance,1070
effort,1071
german,1072
distance,1073
file,1074
built,1075
indian,1076
coming,1077
tests,1078
gives,1079
progress,1080
presence,1081
deep,1082
content,1083
designed,1084
elements,1085
reduced,1086
step,1087
earlier,1088
park,1089
spring,1090
bonds,1091
clearly,1092
agricultural,1093
appeal,1094
approximately,1095
professional,1096
ability,1097
texas,1098
move,1099
object,1100
wall,1101
literature,1102
fair,1103
france,1104
strength,1105
efforts,1106
understanding,1107
measure,1108
examination,1109
daily,1110
personnel,1111
boston,1112
lot,1113
spirit,1114
covered,1115
none,1116
factor,1117
follow,1118
index,1119
regard,1120
assistant,1121
met,1122
collection,1123
error,1124
relation,1125
write,1126
scale,1127
affairs,1128
voice,1129
maintenance,1130
circumstances,1131
giving,1132
budget,1133
located,1134
housing,1135
forth,1136
agent,1137
bar,1138
description,1139
henry,1140
grant,1141
acts,1142
y,1143
key,1144
motor,1145
cover,1146
institutions,1147
selected,1148
lands,1149
paul,1150
sample,1151
summer,1152
success,1153
access,1154
europe,1155
places,1156
figures,1157
died,1158
deal,1159
organizations,1160
sold,1161
taxes,1162
noted,1163
reasonable,1164
adopted,1165
properties,1166
official,1167
reached,1168
culture,1169
serve,1170
fully,1171
entered,1172
parents,1173
religious,1174
add,1175
internal,1176
compared,1177
phase,1178
offered,1179
minimum,1180
served,1181
functions,1182
caused,1183
pass,1184
provision,1185
environment,1186
attorney,1187
election,1188
professor,1189
comes,1190
discussed,1191
compensation,1192
heavy,1193
meaning,1194
formed,1195
weeks,1196
courts,1197
k,1198
procedures,1199
proceedings,1200
estimated,1201
gold,1202
regular,1203
moved,1204
cities,1205
becomes,1206
truth,1207
mentioned,1208
metal,1209
concerning,1210
drug,1211
fish,1212
nations,1213
purchase,1214
wood,1215
impact,1216
everything,1217
providing,1218
develop,1219
indicated,1220
applications,1221
paragraph,1222
principles,1223
assembly,1224
stand,1225
allow,1226
virginia,1227
concerned,1228
majority,1229
start,1230
historical,1231
reasons,1232
master,1233
led,1234
fixed,1235
letters,1236
illinois,1237
scientific,1238
legislation,1239
occur,1240
circuit,1241
david,1242
items,1243
projects,1244
prevent,1245
statute,1246
certainly,1247
conduct,1248
relief,1249
police,1250
banks,1251
requires,1252
teacher,1253
forward,1254
forest,1255
differences,1256
offer,1257
measures,1258
increasing,1259
cold,1260
sum,1261
else,1262
foundation,1263
ready,1264
created,1265
contains,1266
floor,1267
initial,1268
friend,1269
serious,1270
considerable,1271
copy,1272
recently,1273
positive,1274
remain,1275
vice,1276
constitution,1277
papers,1278
supreme,1279
location,1280
characteristics,1281
complex,1282
firm,1283
neither,1284
christian,1285
speed,1286
domestic,1287
carry,1288
agriculture,1289
started,1290
reduction,1291
administrative,1292
returned,1293
showing,1294
permit,1295
appeared,1296
try,1297
orders,1298
powers,1299
decided,1300
practical,1301
critical,1302
takes,1303
ordered,1304
events,1305
showed,1306
obtain,1307
revenue,1308
hall,1309
germany,1310
representative,1311
economy,1312
holding,1313
lack,1314
determination,1315
communication,1316
constant,1317
improvement,1318
animals,1319
faith,1320
thirty,1321
china,1322
actions,1323
duties,1324
manager,1325
summary,1326
miss,1327
fuel,1328
names,1329
hear,1330
features,1331
testimony,1332
completed,1333
owner,1334
laboratory,1335
variety,1336
worked,1337
dark,1338
essential,1339
fourth,1340
iv,1341
blue,1342
governor,1343
appointed,1344
easily,1345
getting,1346
representatives,1347
containing,1348
exercise,1349
investigation,1350
square,1351
bad,1352
families,1353
talk,1354
highly,1355
responsibility,1356
foot,1357
glass,1358
mental,1359
jurisdiction,1360
attempt,1361
articles,1362
teaching,1363
event,1364
successful,1365
canada,1366
growing,1367
establish,1368
formation,1369
evaluation,1370
treated,1371
agreed,1372
cash,1373
matters,1374
dead,1375
removed,1376
picture,1377
mary,1378
whatever,1379
northern,1380
frequently,1381
processes,1382
easy,1383
telephone,1384
counsel,1385
rock,1386
entirely,1387
publication,1388
intended,1389
mexico,1390
hill,1391
nuclear,1392
doubt,1393
raised,1394
correct,1395
maintain,1396
valley,1397
arms,1398
grade,1399
loan,1400
useful,1401
mark,1402
coast,1403
eye,1404
tried,1405
frequency,1406
assessment,1407
changed,1408
bed,1409
dry,1410
responsible,1411
contained,1412
pennsylvania,1413
merely,1414
european,1415
branch,1416
inches,1417
introduced,1418
rise,1419
principle,1420
accepted,1421
regional,1422
gone,1423
policies,1424
granted,1425
choice,1426
cents,1427
trees,1428
send,1429
oh,1430
uses,1431
existence,1432
interested,1433
mail,1434
check,1435
vote,1436
leading,1437
performed,1438
indicate,1439
somewhat,1440
suggested,1441
buildings,1442
u,1443
output,1444
pacific,1445
relatively,1446
subjects,1447
closed,1448
winter,1449
lives,1450
classes,1451
sun,1452
milk,1453
task,1454
introduction,1455
pounds,1456
expression,1457
create,1458
inside,1459
instance,1460
debt,1461
testing,1462
soviet,1463
trying,1464
enter,1465
submitted,1466
eastern,1467
jury,1468
stop,1469
wrote,1470
citizens,1471
philadelphia,1472
increases,1473
husband,1474
previously,1475
myself,1476
named,1477
employer,1478
assets,1479
remember,1480
convention,1481
animal,1482
michigan,1483
accounts,1484
louis,1485
amounts,1486
commissioner,1487
ideas,1488
payments,1489
speak,1490
decisions,1491
relating,1492
directed,1493
freedom,1494
wish,1495
standing,1496
fields,1497
boy,1498
session,1499
storage,1500
regarding,1501
round,1502
reduce,1503
desire,1504
manufacturing,1505
interesting,1506
criminal,1507
causes,1508
recognized,1509
grand,1510
richard,1511
represented,1512
ca,1513
traffic,1514
petition,1515
advanced,1516
mine,1517
joseph,1518
reserve,1519
stone,1520
contracts,1521
injury,1522
married,1523
statistics,1524
pages,1525
expressed,1526
double,1527
columbia,1528
cultural,1529
industries,1530
worth,1531
waste,1532
japan,1533
specified,1534
regulation,1535
combination,1536
engaged,1537
ratio,1538
conducted,1539
film,1540
reaction,1541
occurred,1542
thinking,1543
instruction,1544
hot,1545
feeling,1546
image,1547
johnson,1548
begin,1549
bond,1550
institution,1551
plate,1552
pain,1553
affected,1554
learn,1555
printed,1556
christ,1557
finding,1558
race,1559
pursuant,1560
accordance,1561
remains,1562
completely,1563
command,1564
radio,1565
percentage,1566
tree,1567
running,1568
ship,1569
moving,1570
brother,1571
reach,1572
techniques,1573
supplies,1574
negative,1575
connected,1576
ordinary,1577
greatest,1578
applicable,1579
network,1580
smaller,1581
medicine,1582
liability,1583
guide,1584
secondary,1585
charges,1586
agents,1587
processing,1588
nine,1589
properly,1590
bottom,1591
organized,1592
popular,1593
game,1594
absence,1595
favor,1596
mr,1597
permanent,1598
statements,1599
models,1600
limit,1601
experimental,1602
tons,1603
comparison,1604
fear,1605
girl,1606
highest,1607
practices,1608
season,1609
advantage,1610
editor,1611
speech,1612
leaves,1613
damage,1614
extended,1615
style,1616
opening,1617
alternative,1618
resistance,1619
gain,1620
opened,1621
clinical,1622
estimate,1623
owned,1624
clerk,1625
urban,1626
pattern,1627
learned,1628
subsequent,1629
concern,1630
avoid,1631
numerous,1632
conclusion,1633
broad,1634
element,1635
mm,1636
marked,1637
please,1638
failed,1639
represent,1640
adequate,1641
vehicle,1642
proof,1643
memory,1644
stood,1645
moral,1646
setting,1647
paris,1648
excess,1649
religion,1650
steps,1651
highway,1652
developing,1653
avenue,1654
substantial,1655
spent,1656
goes,1657
quickly,1658
securities,1659
passage,1660
search,1661
lay,1662
drive,1663
extension,1664
club,1665
saying,1666
resulting,1667
ones,1668
evening,1669
yield,1670
measured,1671
stress,1672
discharge,1673
remained,1674
item,1675
inch,1676
drawn,1677
los,1678
express,1679
travel,1680
selection,1681
sort,1682
filled,1683
carolina,1684
brief,1685
piece,1686
territory,1687
preparation,1688
advance,1689
welfare,1690
concept,1691
rural,1692
contain,1693
slightly,1694
structures,1695
gross,1696
someone,1697
limits,1698
definition,1699
bridge,1700
quantity,1701
thank,1702
wind,1703
occurs,1704
expense,1705
female,1706
die,1707
skin,1708
signal,1709
silver,1710
charged,1711
immediate,1712
port,1713
appearance,1714
solid,1715
possession,1716
attack,1717
wrong,1718
usual,1719
impossible,1720
approval,1721
officials,1722
components,1723
concentration,1724
exist,1725
cotton,1726
engine,1727
boys,1728
experiments,1729
agree,1730
salt,1731
chinese,1732
references,1733
native,1734
medium,1735
lived,1736
recommended,1737
older,1738
controlled,1739
combined,1740
supported,1741
communications,1742
rose,1743
details,1744
hence,1745
largest,1746
media,1747
load,1748
argument,1749
monthly,1750
plus,1751
houses,1752
team,1753
electrical,1754
herself,1755
mouth,1756
male,1757
suit,1758
beautiful,1759
whereas,1760
acres,1761
store,1762
documents,1763
entry,1764
laid,1765
legislative,1766
positions,1767
collected,1768
americans,1769
channel,1770
leaders,1771
examples,1772
release,1773
largely,1774
fifty,1775
findings,1776
cars,1777
emergency,1778
visit,1779
delivery,1780
believed,1781
arts,1782
rich,1783
stay,1784
marriage,1785
jesus,1786
sex,1787
village,1788
hair,1789
multiple,1790
daughter,1791
accept,1792
despite,1793
establishment,1794
depth,1795
views,1796
signed,1797
competition,1798
railway,1799
identified,1800
carrier,1801
navy,1802
experiment,1803
bound,1804
aircraft,1805
derived,1806
origin,1807
sell,1808
elected,1809
superior,1810
aspects,1811
improved,1812
crime,1813
loans,1814
fees,1815
apparently,1816
van,1817
vessels,1818
device,1819
conflict,1820
frank,1821
phone,1822
mission,1823
bay,1824
block,1825
primarily,1826
ought,1827
bear,1828
affect,1829
estimates,1830
africa,1831
offices,1832
remaining,1833
samples,1834
towards,1835
francisco,1836
safe,1837
marine,1838
leaving,1839
efficiency,1840
sign,1841
witness,1842
profit,1843
admitted,1844
quarter,1845
improve,1846
edward,1847
detailed,1848
studied,1849
st,1850
mechanical,1851
ice,1852
respondent,1853
maintained,1854
finance,1855
youth,1856
mountain,1857
mining,1858
florida,1859
excellent,1860
engineers,1861
interior,1862
cancer,1863
ill,1864
liquid,1865
consent,1866
massachusetts,1867
denied,1868
shape,1869
equation,1870
assumed,1871
japanese,1872
cm,1873
protect,1874
fast,1875
assigned,1876
train,1877
carrying,1878
composition,1879
edge,1880
treasury,1881
determining,1882
divided,1883
consumer,1884
prove,1885
engineer,1886
indians,1887
recovery,1888
receiving,1889
consists,1890
focus,1891
facility,1892
sides,1893
instrument,1894
ad,1895
build,1896
chance,1897
steam,1898
sugar,1899
concrete,1900
message,1901
inspection,1902
tables,1903
creek,1904
legislature,1905
respectively,1906
edition,1907
suggest,1908
objects,1909
billion,1910
brain,1911
severe,1912
membership,1913
minister,1914
horse,1915
counties,1916
sites,1917
fresh,1918
proportion,1919
kinds,1920
settlement,1921
perfect,1922
document,1923
captain,1924
understood,1925
authorities,1926
arm,1927
weather,1928
detail,1929
carefully,1930
traditional,1931
secure,1932
girls,1933
sought,1934
republic,1935
advertising,1936
acting,1937
equivalent,1938
certificate,1939
perform,1940
save,1941
corporate,1942
directors,1943
window,1944
battle,1945
buy,1946
rapid,1947
recorded,1948
map,1949
politics,1950
desired,1951
proved,1952
peter,1953
bit,1954
fifth,1955
sand,1956
meetings,1957
schedule,1958
generation,1959
fee,1960
soul,1961
dependent,1962
license,1963
rapidly,1964
sat,1965
bearing,1966
minor,1967
delivered,1968
forty,1969
explain,1970
grain,1971
fell,1972
revised,1973
typical,1974
greatly,1975
lady,1976
carbon,1977
ancient,1978
doctor,1979
corresponding,1980
bills,1981
happy,1982
possibility,1983
machinery,1984
marketing,1985
fort,1986
classification,1987
printing,1988
attached,1989
farmers,1990
zone,1991
permitted,1992
stations,1993
expect,1994
angeles,1995
electronic,1996
russian,1997
fruit,1998
overall,1999
periods,2000
valuable,2001
complaint,2002
savings,2003
closely,2004
minute,2005
happened,2006
mortgage,2007
wave,2008
consumption,2009
apparent,2010
necessity,2011
assume,2012
vessel,2013
appeals,2014
walls,2015
gray,2016
diseases,2017
speaking,2018
career,2019
relationships,2020
requirement,2021
external,2022
uniform,2023
cooperation,2024
patent,2025
anyone,2026
publications,2027
card,2028
opportunities,2029
listed,2030
adult,2031
communities,2032
difficulty,2033
enforcement,2034
waters,2035
patterns,2036
damages,2037
accounting,2038
philosophy,2039
african,2040
represents,2041
yellow,2042
markets,2043
extensive,2044
wages,2045
tube,2046
interpretation,2047
copies,2048
sciences,2049
operate,2050
layer,2051
trouble,2052
pure,2053
exactly,2054
indicates,2055
museum,2056
spanish,2057
shares,2058
india,2059
opposite,2060
acquired,2061
bodies,2062
everyone,2063
copper,2064
radiation,2065
jones,2066
spread,2067
band,2068
moreover,2069
camp,2070
earnings,2071
jersey,2072
birth,2073
specifically,2074
continuous,2075
municipal,2076
enemy,2077
strike,2078
instructions,2079
award,2080
straight,2081
pipe,2082
suitable,2083
sheet,2084
conservation,2085
therapy,2086
expenditures,2087
mile,2088
deposits,2089
removal,2090
background,2091
column,2092
revolution,2093
tools,2094
forced,2095
break,2096
operated,2097
contrast,2098
remove,2099
skills,2100
judicial,2101
producing,2102
fit,2103
crop,2104
broken,2105
iowa,2106
ch,2107
ends,2108
dear,2109
exception,2110
observations,2111
cast,2112
examined,2113
substance,2114
leadership,2115
participation,2116
exposure,2117
requested,2118
danger,2119
density,2120
pointed,2121
chamber,2122
explained,2123
height,2124
variable,2125
killed,2126
districts,2127
track,2128
consistent,2129
context,2130
reform,2131
stories,2132
proceeding,2133
chair,2134
corn,2135
wage,2136
jobs,2137
sentence,2138
clean,2139
kansas,2140
ex,2141
accident,2142
twelve,2143
pre,2144
devices,2145
corporations,2146
protein,2147
declared,2148
writer,2149
martin,2150
wire,2151
soft,2152
treaty,2153
measurements,2154
stream,2155
plane,2156
courses,2157
proposal,2158
transport,2159
changing,2160
equally,2161
till,2162
regions,2163
corps,2164
path,2165
component,2166
appendix,2167
wilson,2168
expansion,2169
feed,2170
reader,2171
designated,2172
wisconsin,2173
losses,2174
reality,2175
contributions,2176
fluid,2177
drugs,2178
speaker,2179
diameter,2180
passing,2181
dc,2182
meant,2183
mode,2184
solutions,2185
arrived,2186
flight,2187
hotel,2188
mill,2189
defendants,2190
count,2191
technique,2192
guard,2193
talking,2194
seek,2195
temporary,2196
sets,2197
honor,2198
maybe,2199
centers,2200
route,2201
preceding,2202
frame,2203
knows,2204
thousands,2205
latin,2206
constitutional,2207
violation,2208
campaign,2209
census,2210
michael,2211
goal,2212
circle,2213
capable,2214
aware,2215
necessarily,2216
tissue,2217
britain,2218
discovered,2219
parallel,2220
appropriation,2221
involving,2222
calls,2223
comments,2224
superintendent,2225
williams,2226
missouri,2227
democratic,2228
reporting,2229
substantially,2230
decrease,2231
keeping,2232
limitations,2233
leader,2234
careful,2235
roads,2236
grants,2237
miller,2238
fed,2239
FALSE,2240
wild,2241
contrary,2242
television,2243
possibly,2244
manufacturers,2245
thin,2246
mere,2247
id,2248
fundamental,2249
symptoms,2250
software,2251
objective,2252
measurement,2253
alcohol,2254
extremely,2255
authors,2256
lee,2257
sexual,2258
scene,2259
applicant,2260
formal,2261
exists,2262
filing,2263
falls,2264
amendments,2265
intelligence,2266
ray,2267
mixed,2268
feature,2269
governments,2270
suppose,2271
departments,2272
treasurer,2273
academic,2274
alleged,2275
pieces,2276
drawing,2277
user,2278
retirement,2279
chosen,2280
powerful,2281
degrees,2282
ave,2283
administrator,2284
garden,2285
plain,2286
slow,2287
distributed,2288
islands,2289
identify,2290
anti,2291
grounds,2292
owners,2293
unable,2294
streets,2295
continuing,2296
royal,2297
jewish,2298
instruments,2299
parent,2300
criteria,2301
exceed,2302
recognition,2303
improvements,2304
resource,2305
slowly,2306
thereby,2307
claimed,2308
colorado,2309
mechanism,2310
calculated,2311
emphasis,2312
input,2313
cited,2314
nevertheless,2315
aside,2316
handling,2317
yourself,2318
suddenly,2319
indiana,2320
committed,2321
cycle,2322
naval,2323
clay,2324
contents,2325
contribution,2326
offers,2327
familiar,2328
scope,2329
lie,2330
ocean,2331
davis,2332
recommendations,2333
stores,2334
grow,2335
angle,2336
amend,2337
goals,2338
arrangement,2339
grown,2340
extra,2341
ann,2342
currently,2343
demands,2344
homes,2345
confidence,2346
regarded,2347
purchased,2348
lies,2349
statistical,2350
sister,2351
efficient,2352
kingdom,2353
mutual,2354
secured,2355
senior,2356
explanation,2357
adjustment,2358
sight,2359
thou,2360
holy,2361
structural,2362
furnished,2363
noise,2364
becoming,2365
signs,2366
finished,2367
satisfactory,2368
constructed,2369
characteristic,2370
troops,2371
describe,2372
shop,2373
sleep,2374
preliminary,2375
corner,2376
willing,2377
instances,2378
identification,2379
machines,2380
depends,2381
raise,2382
organic,2383
choose,2384
transmission,2385
pleasure,2386
distinct,2387
profits,2388
select,2389
pretty,2390
fight,2391
canal,2392
supposed,2393
fellow,2394
firms,2395
refused,2396
gentleman,2397
customers,2398
recognize,2399
comprehensive,2400
obvious,2401
operator,2402
mg,2403
unique,2404
thy,2405
belief,2406
relevant,2407
concerns,2408
qualified,2409
seed,2410
controls,2411
global,2412
magazine,2413
vision,2414
illustrated,2415
draw,2416
russia,2417
compliance,2418
flat,2419
fairly,2420
academy,2421
wheat,2422
apart,2423
attitude,2424
physician,2425
hereby,2426
absolute,2427
repair,2428
stopped,2429
representation,2430
soldiers,2431
suggests,2432
incorporated,2433
composed,2434
strategy,2435
salary,2436
tool,2437
coverage,2438
inner,2439
appointment,2440
transferred,2441
readily,2442
discuss,2443
q,2444
experienced,2445
returns,2446
utility,2447
bulletin,2448
resulted,2449
twice,2450
client,2451
doctrine,2452
core,2453
selling,2454
ring,2455
obligations,2456
curve,2457
walk,2458
clause,2459
spoke,2460
univ,2461
appellant,2462
italy,2463
export,2464
concluded,2465
jackson,2466
georgia,2467
observation,2468
sons,2469
funding,2470
outstanding,2471
practically,2472
watch,2473
hardly,2474
vi,2475
apparatus,2476
narrow,2477
strongly,2478
israel,2479
ft,2480
thick,2481
atlantic,2482
seat,2483
dollar,2484
played,2485
behalf,2486
target,2487
boundary,2488
imposed,2489
exposed,2490
ships,2491
extend,2492
associations,2493
statutes,2494
refer,2495
significance,2496
dated,2497
burden,2498
prescribed,2499
birds,2500
exhibit,2501
vertical,2502
subsection,2503
beauty,2504
display,2505
liberty,2506
drop,2507
unknown,2508
secret,2509
variables,2510
oxygen,2511
psychology,2512
settled,2513
star,2514
ny,2515
occasion,2516
advice,2517
delay,2518
creation,2519
roman,2520
sector,2521
waiting,2522
version,2523
starting,2524
violence,2525
ran,2526
rooms,2527
warm,2528
besides,2529
fill,2530
category,2531
mountains,2532
freight,2533
minnesota,2534
bone,2535
vehicles,2536
informed,2537
ahead,2538
cambridge,2539
pro,2540
arranged,2541
rendered,2542
requiring,2543
chain,2544
distinguished,2545
ma,2546
identity,2547
whenever,2548
acquisition,2549
el,2550
household,2551
dealing,2552
greek,2553
abuse,2554
economics,2555
objectives,2556
experiences,2557
mississippi,2558
linear,2559
mills,2560
manual,2561
ing,2562
accurate,2563
universal,2564
faculty,2565
wants,2566
literary,2567
taught,2568
ownership,2569
constitute,2570
modified,2571
lease,2572
branches,2573
ball,2574
magnetic,2575
stat,2576
mines,2577
agreements,2578
tend,2579
heating,2580
catholic,2581
register,2582
equity,2583
answered,2584
significantly,2585
demonstrated,2586
deposit,2587
commissioners,2588
armed,2589
execution,2590
submit,2591
wait,2592
transactions,2593
nursing,2594
difficulties,2595
announced,2596
widely,2597
residence,2598
spiritual,2599
movements,2600
ended,2601
graduate,2602
res,2603
ml,2604
commonly,2605
achieve,2606
rare,2607
mineral,2608
mid,2609
cal,2610
seeking,2611
boat,2612
opposition,2613
ensure,2614
oral,2615
cattle,2616
implementation,2617
stands,2618
famous,2619
ending,2620
copyright,2621
occupied,2622
joined,2623
appropriations,2624
variation,2625
registration,2626
bell,2627
en,2628
planned,2629
remarks,2630
extreme,2631
via,2632
looks,2633
cutting,2634
zero,2635
comment,2636
obligation,2637
carriers,2638
velocity,2639
beach,2640
pictures,2641
mixture,2642
visual,2643
handle,2644
shot,2645
formula,2646
evil,2647
web,2648
allows,2649
trip,2650
dangerous,2651
heads,2652
accordingly,2653
interstate,2654
errors,2655
dog,2656
addressed,2657
ct,2658
begins,2659
realized,2660
induced,2661
intent,2662
pub,2663
repeated,2664
draft,2665
touch,2666
app,2667
walked,2668
fifteen,2669
permission,2670
partnership,2671
promise,2672
lewis,2673
sequence,2674
situations,2675
option,2676
il,2677
manufacture,2678
independence,2679
committees,2680
accomplished,2681
ideal,2682
sub,2683
continues,2684
panel,2685
presents,2686
eventually,2687
spot,2688
founded,2689
gift,2690
meat,2691
accompanied,2692
evident,2693
jack,2694
bright,2695
users,2696
plates,2697
desirable,2698
tested,2699
ourselves,2700
abstract,2701
clark,2702
originally,2703
maryland,2704
pa,2705
covering,2706
serving,2707
challenge,2708
sunday,2709
truck,2710
turning,2711
reactions,2712
consequently,2713
finds,2714
resolved,2715
pair,2716
shift,2717
print,2718
formerly,2719
elsewhere,2720
consequences,2721
leads,2722
biological,2723
seeing,2724
enterprise,2725
taylor,2726
rocks,2727
fat,2728
achieved,2729
conclusions,2730
customer,2731
flowers,2732
partial,2733
infection,2734
cable,2735
therein,2736
newspaper,2737
crops,2738
preferred,2739
roll,2740
baby,2741
cooperative,2742
mention,2743
novel,2744
slight,2745
witnesses,2746
truly,2747
diagnosis,2748
des,2749
assist,2750
min,2751
thoughts,2752
sweet,2753
temperatures,2754
considering,2755
helped,2756
associate,2757
towns,2758
acute,2759
supplied,2760
surplus,2761
chemistry,2762
inc,2763
feelings,2764
windows,2765
registered,2766
prepare,2767
pension,2768
baltimore,2769
advantages,2770
retail,2771
arthur,2772
ages,2773
tradition,2774
heaven,2775
transition,2776
decline,2777
specimens,2778
stability,2779
interaction,2780
petroleum,2781
elementary,2782
liable,2783
le,2784
discovery,2785
root,2786
veterans,2787
prevention,2788
sitting,2789
driven,2790
parameters,2791
deemed,2792
worker,2793
devoted,2794
grace,2795
contractor,2796
exports,2797
probability,2798
crisis,2799
sharp,2800
characters,2801
publishing,2802
snow,2803
terminal,2804
investigations,2805
responses,2806
naturally,2807
afternoon,2808
examine,2809
banking,2810
conversation,2811
pollution,2812
com,2813
basin,2814
tendency,2815
calendar,2816
reflect,2817
separation,2818
circulation,2819
samuel,2820
classified,2821
struggle,2822
categories,2823
imports,2824
happen,2825
strange,2826
couple,2827
writers,2828
caught,2829
fax,2830
enable,2831
quantities,2832
payable,2833
queen,2834
outer,2835
oregon,2836
harbor,2837
quick,2838
involves,2839
colonel,2840
discrimination,2841
join,2842
representing,2843
supporting,2844
proceed,2845
vast,2846
thermal,2847
eat,2848
exclusive,2849
song,2850
released,2851
weak,2852
intellectual,2853
judges,2854
horses,2855
poetry,2856
electron,2857
obviously,2858
valid,2859
extending,2860
won,2861
creating,2862
automatic,2863
atmosphere,2864
definite,2865
readers,2866
prince,2867
adding,2868
divine,2869
replied,2870
tennessee,2871
ll,2872
lose,2873
rome,2874
elizabeth,2875
league,2876
objection,2877
peak,2878
detroit,2879
weekly,2880
mainly,2881
empire,2882
sit,2883
psychological,2884
stages,2885
striking,2886
images,2887
valve,2888
scott,2889
louisiana,2890
escape,2891
ore,2892
wealth,2893
transaction,2894
competitive,2895
binding,2896
conversion,2897
spain,2898
consequence,2899
favorable,2900
essentially,2901
voltage,2902
santa,2903
taxable,2904
asking,2905
regulatory,2906
lincoln,2907
equations,2908
millions,2909
statutory,2910
approaches,2911
guilty,2912
scheme,2913
fail,2914
supervision,2915
canadian,2916
walter,2917
attempts,2918
decide,2919
italian,2920
acceptance,2921
adults,2922
knowing,2923
concepts,2924
calling,2925
libraries,2926
directions,2927
opposed,2928
brothers,2929
compounds,2930
eligible,2931
gradually,2932
minority,2933
satisfied,2934
plaintiffs,2935
driving,2936
reserved,2937
files,2938
eggs,2939
receipts,2940
similarly,2941
unemployment,2942
completion,2943
ibid,2944
managers,2945
holds,2946
accuracy,2947
prison,2948
neck,2949
satisfaction,2950
flood,2951
particles,2952
perspective,2953
grew,2954
intention,2955
colleges,2956
rent,2957
normally,2958
presentation,2959
muscle,2960
tank,2961
screen,2962
volumes,2963
asia,2964
vital,2965
audience,2966
furthermore,2967
monitoring,2968
wells,2969
teeth,2970
rubber,2971
allen,2972
dinner,2973
sustained,2974
considerations,2975
wise,2976
interview,2977
theoretical,2978
alaska,2979
separated,2980
beam,2981
cleveland,2982
physics,2983
contemporary,2984
width,2985
onto,2986
hospitals,2987
con,2988
admission,2989
subcommittee,2990
customs,2991
sixty,2992
stable,2993
protected,2994
paying,2995
answers,2996
disability,2997
destroyed,2998
begun,2999
